q,method,corr_mean,corr_std,corr_sem,budget
0.001,RIS (Uniform),0.30986501116100074,0.004211339799035948,0.00018833684133989366,34681
0.01,RIS (Uniform),0.7200199285090203,0.0016170476371894639,7.231656879222116e-05,346811
0.05,RIS (Uniform),0.9212353320745765,0.0003085665818654153,1.379951705271645e-05,1734059
0.1,RIS (Uniform),0.960264880213954,0.00012346121939956848,5.521353583249018e-06,3468118
